{"initial_reset_timestamp": 1572825152.031833, "timestamps": [1572825152.3212945], "episode_lengths": [31], "episode_rewards": [31.0], "episode_types": ["t"]}